"Fcilty_nam","Street_add","Locality","Postcode","Ycoord","Xcoord","uuid"
"Food Smiths","106 Wilson St. West","Perth, ON","K7H 2P3","44.90673","-76.2613","01"
"Market Organics","126 York Street","Ottawa, ON","K1N 5T5","45.42915","-75.69011","02"
"Ambrosia Natural Foods","57 Northview Blvd","Vaughan, ON","L4L 8X9","43.79103","-79.54393","03"
"The Country Way","79 Brock Street","Sault Ste Marie, ON","P6A 3B4","46.50908","-84.33053","04"
"Drugsmart Pharmacy","4375 Mill Street","Sydenham, ON","K0H 2T0","44.4096","-76.5969","05"
"A Healthier You","1237 Garrison Rd.","Fort Erie, ON","L2A 1P2","42.90441","-78.9611","06"
"Carson's Country Cupboard","9 May Street","Fenelon Falls, ON","K0M 1N0","44.537278","-78.738267","07"
"The Dover Apothecary","328 Main Street","Port Dover, ON","N0A 1N0","42.78698","-80.2038","08"
"Fine Fettle Inc.","948 Queen Street","Kincardine, ON","N2Z 2Y2","44.18073","-81.63286","09"
"Life Sustainers","1225 2nd Line","Hagersville, ON","N0A 1H0","43.047355","-80.171213","10"
"Muskoka Natural Foods","505 Hwy 118W","Bracebridge, ON","P1L 1W1","45.045140","-79.317419","11"
"Natural Life Health Market","30-7700 Bathurst St.","Thornhill, ON","L4J 7Y3","43.810177","-79.450453","12"
"Naturally For You Health Store","65 King Street Box 750","Angus, ON","L0M 1B0","44.319709","-79.881662","13"
"Pure Nature Amherstburg","400 Sandwich Street South","Amherstburg, ON","N9V 3L4","42.096115","-83.108351","14"
"Qi Natural Foods-Bloor","572 Bloor St. W","Toronto, ON","M6G 1K1","43.647889","-79.398656","15"
"Enlighten Nutrition","9 Gaywood Gardens","Brantford, ON","N3T 5J7","43.158442","-80.291543","16"
"Chinese Herb's & Health CL","276 Willard Ave (Side Door)","Toronto, ON","M6S 3R2","43.650967","-79.482345","17"
"Belna Homeopathy & Wellness","70 Cass Ave #124","Scarborough, ON","M1T 3P9","43.776655","-79.305114","18"
"Stouffville Clinic of Nat/Med","37 Sandford Drive Suite 209","Stouffville, ON","L4A 3Z2","43.965703","-79.269400","19"
"Old Fashion Foods","3405 Souris Ave","Weyburn, SK","S4H 0C9","49.66157","-103.85183","20"
"Pharmasave #405","219 Kaiser Wilhelm Ave Box 579","Langenburg, SK","S0A 2A0","50.84256","-101.70189","21"
"Causeway Natural Health","816 - 6th Ave Box #1781","Humboldt, SK","S0K 2A0","52.19869","-105.12391","22"
"Good Habits Market","1024 6th Street Box 249","Rosthern, SK","S0K 3R0","52.662926","-106.333667","23"
"Dad's Nutrition Centre LTD","240A 1820 8th Street East","Saskatoon, SK","S7H 0T6","52.11383","-106.62861","24"
"Sangster's-Lawson Heights Sas","134 Primrose Drive","Saskatoon, SK","S7K 5S6","52.16891","-106.6397","25"
"Elmtree Health Store","5002 50 Ave","Stettler, AB","T0C 2L2","52.326","-112.70518","26"
"Community Natural Foods - Crowfoot Market","850 Crowfoot Crescent NW","Calgary, AB","T3G 4M4","51.12664","-114.20722","27"
"Community Natural Foods","1304 10 Ave SW","Calgary, AB","T3C 0J2","51.04448","-114.09151","28"
"Community Natural Foods - Chinook Station Market","202 61 Ave SW","Calgary, AB","T2H 0B4","50.99842","-114.06621","29"
"Green Tree Better Health Center","423 7th Street S.W.","Medicine Hat, AB","T1A 4K4","50.0323","-110.69745","30"
"Nutter's Bulk #45 - Camrose","4964 50th Street","Camrose, AB","T4V 1R1","53.02187","-112.82522","31"
"Nutter's Bulk #5 - Moose Jaw","#107-1601 Dunmore Road S.E.","Medicine Hat, AB","T4V 1R1","53.02187","-112.82522","32"
"Sangster's Health Centre","220 700 St. Albert Trail","St Albert, AB","T8N 7A5","53.65884","-113.63173","33"
"Revitamins of Charleswood","3528 Roblin Blvd","Winnipeg, MB","R3R 0C9","49.8680161","-97.25990209999998","34"
"Nutter's Bulk #40","19-3rd Avenue N.E.","Dauphin, MT","R7N 0Y5","51.150683","-100.046598","35"
"Swan River Valley Natural","520 Main Street","Swan River, MT","R0L 1Z0","52.10537","-101.26961","36"
"Prairie Fire Organics","294 Woodlane Avenue","Winnipeg, MT","R3J 2H9","49.817835","-97.131262","37"
"Kimberley Centex","521 Wallinger Ave","Kimberley, BC","V1A 1Z7","49.68248","-115.98423","38"
"Donald's Market","2627 Shaughnessy St #120","Port Coquitlam, BC","V3C 0E1","49.26335","-122.78087","39"
"Donald's Market","810 Quayside Dr #130","New Westminster, BC","V3M 6B9","49.2004","-122.91082","40"
"Donald's Market","2332 E Hastings St","Vancouver, BC","V5L 1V5","49.281","-123.0571","41"
"Donald's Market","2279 Commercial Dr","Vancouver, BC","V5N 4B6","49.26416","-123.06995","42"
"Pomme Natural Market PoCo","2755 Lougheed Hwy","Port Coquitlam, BC","V3B 5Y9","49.27414","-122.78934","43"
"Whole Foods Market","4420 Lougheed Hwy","Burnaby, BC","V5C 3Z3","49.26614","-123.00569","45"
"Whole Foods Market","1675 Robson St","Vancouver, BC","V6G 1C8","49.29008","-123.1327","46"
"Whole Foods Market","925 Main St","West Vancouver, BC","V7T 2Z3","49.32586","-123.14297","47"
"Whole Foods Market","510 W 8th Ave","Vancouver, BC","V5Z 1C5","49.26399","-123.11526","48"
"Whole Foods Market","2285 W 4th Ave","Vancouver, BC","V6K 1N9","49.26835","-123.1571","49"
"Sweet Cherubim","1105 Commercial Dr","Vancouver, BC","V5L 3X3","49.27466","-123.06967","50"
"Pure Integrative Pharmacy","3750 Oak St","Vancouver, BC","V6H 2M3","49.25207","-123.12728","51"
"Meinhardt PC","609 Granville St","Vancouver, BC","V7Y 1E8","49.28341","-123.11766","52"
"Meinhardt South Granville","3002 Granville St","Vancouver, BC","V6H 3J8","49.25875","-123.13836","53"
"Greens' Market","1978 W Broadway","Vancouver, BC","V6J 1Z2","49.26364","-123.14981","54"
"Choices Market The Drive","1045 Commercial Dr","Vancouver, BC","V5L 3X1","49.27497","-123.06968","55"
"Choices Market Kitsilano","2627 W 16th Ave","Vancouver, BC","V6K 3C2","49.25783","-123.16572","56"
"Choices Market Yaletown","1202 Richards St","Vancouver, BC","V6B 3G2","49.27573","-123.12424","57"
"Choices Markets South Surrey","3248 King George Boulevard","Surrey, BC","V4P 1A5","49.06142","-122.81107","58"
"Choices Market North Vancouver","801 Marine Drive","North Vancouver, BC","V7P 3K6","49.32058","-123.09571","59"
"Choices Market Kelowna","1937 Harvey Avenue","Kelowna, BC","V1Y 6G5","49.88139","-123.09571","60"
"Choices Market Cambie","3493 Cambie Street","Vancouver, BC","V5Z 2W7","49.25429","-123.11555","61"
"Choices Markets Burnaby Marine Way","8620 Glenlyon Parkway, Suite 110","Burnaby, BC","V5J 0B6","49.20539","-123.00783","62"
"Choices Market Burnaby Crest","8683 10th Avenue, Suite 110","Burnaby, BC","V3N 2S9","49.23097","-122.90672","63"
"Choices Market Abbotsford","3033 Immel Street, Suite 110","Abbotsford, BC","V2S 6S2","49.05677","-122.27365","64"
"Pemberton Valley Supermarket","7438 Prospect St","Pemberton, BC","V0N 2L0","50.32265","-122.80725","65"
"The Basket Case","5499 Manson Ave.","Powell River, BC","V8A 3R2","49.864726","-124.524480","66"
"Medicine Shoppe","#6 4330 Sunshine Coast Hwy","Sechelt, BC","V0N 3A1","49.44084","-123.70896","67"
"PharmaSave","685 Baker Street","Nelson, BC","V1L 4J3","49.49308","-117.29178","68"
"Down To Earth Health Shop","5003 51 Ave. W. Box 2410","Forst Nelson, BC","V0C 1R0","58.806125","-122.703116","69"
"Dynamic Health Service","#12 4736 Lakelse Ave.","Terrace, BC","V8G 2R6","54.517606","-128.595374","70"
"Mission Vitamin Centre","#33139 First Ave.","Mission, BC","V2V 1G5","49.13452","-122.30625","71"
"Supplements Plus Health Products","Unit 133-2680 Shell Road","Richmond, BC","V6X 4C9","49.194514","-123.101760","72"
"Sommer Setterstrom, RMT","2524 ChesterField Ave","North Vancouver, BC","V7N 3M2","49.332816","-123.074878","73"
"Thrifty's Foods","660 England Avenue","Courtenay, BC","V9N 2N4","49.68944","-124.9984","97"
"WinterWood Natural Foods","51 Broad Street","Sussex, NB","E4E 2J7","45.72279","-65.51248","99"
"Organic Earth Market","6487 Quinpool Road","Halifax, NS","B3L 1B2","44.6441","-63.60262","100"
"Tout Vert Tout Pur 2016 Inc","608 Boul Albiny Paquette","Mont Laurier, QC","J9L 1L4","46.551164","-75.493848","101"
"Coop La Manne Des Boisfrancs","194 Notre-Dame Est.","Victoriaville, QC","G6P 4A1","46.05744","-71.95426","102"
"LA Giroflee","3320 Chemin Ste-Foy","Quebec, QC","G1X 1S3","46.76958","-71.32093","103"
"LA Moisson","3320 Rue Sicard","Ste-Therese, QC","J7E 3X4","45.64389","-73.86308","104"
"O Tournesol Inc","163 Du College Local 2","Pont-Rouge, QC","G3H 3B3","46.745465","-71.693266","105"
"LA GIROFLEE","3320 CHEMIN STE-FOY","Quebec,QC","G1X 1S3","46.7699212","-71.3207925","106"
"ESPACE SANTE BEAUTE","1278 JEAN TALON EST FAX INV","MONTREAL,QC","H2R 1W3","45.54418","-73.61016","107"
"WINTERWOOD NATURAL FOODS","51 BROAD STREET","SUSSEX,NB","E4E 2J7","45.723222","-65.512009","108"
"SEQUOIA WHOLE FOODS","24 WELLAND STREET","MONCTON,NB","E1B 4L8","46.044086","-64.816093","109"
"DRESDEN SPECIALITY FOODS","1515 DRESDEN RD. W","HALIFAX,NS","B3J 4B1","44.643356","-63.577837","110"
"EOS NATURAL FOODS","112 FRONT STREET, UNIT 114","WOLFVILLE,NS","B4P 1A4","45.092433","-64.362467","111"
"SUNSPUN NATURAL FOODS","583 PRINCE ST","TRURO,NS","B2N 1G2","45.365642","-63.283456","112"
"MCKEEN METRO GLEBE","754 BANK STREET","OTTAWA,ON","K1S 3V6","45.403327","-75.688988","113"
"FIDDLEHEADS HLTH & NUTRITION","438 HIGHLAND ROAD W.","KITCHENER,ON","N2M 3C7","43.43725","-80.512761","114"
"FIDDLEHEADS HEALTH NUTRITION","480 HESPELER ROAD UNIT 3","CAMBRIDGE, ON","N1R 7R9","43.398118","-80.326533","115"
"FIDDLEHEADS - BRUCE STREET","25 BRUCE STREET","KITCHENER, ON","N2B 1Y4","43.46173","-80.470023","116"
"SPARTAN NUTRITION - LEAMINGTON","127A TALBOT STREET WEST","LEAMINGTON, ON","N8H 1N2","42.052869","-82.608158","117"
"NATURE'S SOURCE","145 CEREMONIAL DRIVE","MISSISSAUGA,ON","L5R 1N2","43.614755","-79.678275","118"
"LAWSON'S HEALTH FOODS","917 2ND AVE. E."," OWEN SOUND, ON","N4K 2H5","44.566771","-80.942546","119"
"RAINBOW NATURAL FOODS","1487 RICHMOND RD."," OTTAWA, ON","K2B 6R9","45.362931","-75.790869","120"
"S & H HEALTH FOODS","550 KING STREET NORTH","WATERLOO, ON","N2L 5W6","43.499313","-80.530063","121"
"S & H HEALTH FOODS","1225 WONDERLAND ROAD NORTH","LONDON, ON","N6G 2V9","43.005617","-81.304868","123"
"JUSTIN AARON HEALTH & WELLNESS","80 GREEN BUSH CRESCENT","TORNHILL,ON","L4J 5M5","43.801997","-79.431533","124"
"BE GREATER ORGANICS","1515 LASALLE BLVD","SUDBURY,ON","P3A 1Z7","46.522376","-80.941036","125"
"BINS & BINS","107 SHERRIFF AVE","NORTH BAY,ON","P1B 7K8","46.331605","-79.465191","126"
"CEDARS & CO FOOD MARKET","1255 BANK STREET","OTTAWA, ON","K1S 3Y3","45.399393","-75.685177","127"
"COMMISSO'S FRESH FOODS","6161 THOROLD STONE RD, NIAGARA FALLS","ON","L2J 1A4","43.115756","-79.096808","128"
"GREEN VALLEY HLTH. & HERB","9A CHURCH ST. E., ELMIRA","ON","N3B 2K7","43.599745","-80.5573","129"
"NATURAL SOLUTIONS","1256 QUEENS WAY, ETOBICOKE","ON","M8Z 1S2","43.621563","-79.524952","130"
"TERREN'S WELLNESS CENTRE","5314 MAIN ST, ORONO","ON","L0B 1M0","43.989842","-78.61817","131"
"HORN OF PLENTY","24 KING ST. W., DUNDAS","ON","L9H 1T7","43.265998","-79.95538","132"
"WHOLE FOODS MARKET (YONGE)","4771 YONGE STREET, TORONTO","ON","M2N 5M5","43.76065","-79.410076","133"
"WHOLE FOODS MARKET (OTTAWA)","951 BANK ST., OTTAWA","ON","K1S 3W7","45.398542","-75.683203","134"
"WHOLE FOODS MARKET-SQUARE ONE","155 SQUARE ONE DRIVE, MISSISSAUGA","ON","L5B 0E2","43.589888","-79.64986","135"
"WHOLE FOODS MARKET (OAK)","301 CORNWALL RD, OAKVILLE","ON","L6J 7Z5","43.457432","-79.678626","136"
"WHOLE FOODS MARKET (YRK)","87 AVENUE ROAD, TORONTO","ON","M5R 3R9","43.672184","-79.395299","137"
"WHOLE FOODS MARKET-UNIONVILLE","3997 HWY#7, MARKHAM","ON","L3R 5M6","43.855196","-79.30712","138"
"AMBROSIA NATURAL & BULK FOODS","55 DONCASTER AVENUE, THORNHILL","ON","L3T 1L7","43.803544","-79.416408","139"
"Thrifty's Food","1551 Cliffe Ave, Courtenay","BC","V8M 1Z7","48.562484","-123.418494","140"
"ITS ALL GOOD BULK&HEALTH FOOD","#6-2417 GOLF COURSE DRIVE, BLIND BAY","ON","V0E 1H2","50.869683","-119.377604","141"
"KELLY'S SPECIALTY SHOP LT","4706 MARINE AVE. C1, POWELL RIVER","BC","V8A 2L4","49.843506","-124.528456","142"
"NUTRAWAYS #2","2253 WEST 41ST AVENUE, VANCOUVER","BC","V6M 2A3","49.234908","-123.159862","143"
"SHUSWAP HEALTH FOODS","UNIT 115  1151 10TH AVE S.W., SALMON ARM","BC","V1E 4N2","50.701967","-119.280304","144"
"WITH CHILD BIRTHING","44159 KEITH WILSON RD, CHILLIWACK","BC","V2R 4B5","49.107173","-122.008792","145"
"RIVERSIDE GROCERY","201 LOWE STREET, WHITEHORSE","YT","Y1A 1W5","60.71477","-135.049749","146"
"NATURE'S FARE - KELOWNA","120 - 1876 COOPER ROAD, KELOWNA","BC","V1Y 9N6","49.881124","-119.442526","147"
"STAY WILD NATURAL HEALTH","106-7445 FRONTIER ST, PEMBERTON","BC","V0N 2L0","50.510851","-123.011206","148"
"NATURE'S FARE - LANGLEY","120-19880 LANGLEY BYPASS, LANGLEY","BC","V3A 4Y1","49.11177","-122.671062","149"
"NATURE'S FARE - VERNON","#104, 3400-30 AVENUE, VERNON","BC","V1T 2E2","50.263524","-119.277496","150"
"SARDIS HLTH FDS CHILLIWACK","7355 VEDDER ROAD UNIT #3 (P), CHILLIWACK","BC","V2R 3V4","49.136029","-121.959635","151"
"NATURE'S FARE - WESTBANK","#3-3480 CARRINGTON ROAD, WESTBANK","BC","V4T 3C1","49.831193","-119.620429","152"
"NATURE'S FARE - KAMLOOPS","#5-1350 SUMMIT DRIVE, KAMLOOPS","BC","V2C 1T8","50.664696","-120.350808","153"
"LIFESTYLE MARKETS NATURALLY","180 - 2950 DOUGLAS ST., VICTORIA","BC","V8T 4N4","48.443268","-123.370139","154"
"West Wood Organics","2307 W 41st Ave, Vancouver","BC","V6M 2A3","49.234659","-123.159941","155"
"Whole Foods Victoria","Uptown, 3587 Blanshard St, Victoria","BC","V8Z 0B9","48.455586","-123.374906","156"
"Country Grocer","374 Lower Ganges Road, Salt Spring Island","BC","V8K 2V7","48.86101379999999","-123.5110391","157"
"Very Juice Bar","422 Avenue P","NY","11223","40.608699","-73.97161","158"
"Be Fresh - Bayswater","2951 W Broadway","Vancouver,BC","V6K 4N3","49.2643885","-123.1715941","159"
"Organic Acres","3603 Main St","Vancouver,BC","V5V 3N6","49.2526173","-123.10113669999998","160"
"MOM'S NUTRITION CENTRE","901 F 22ND STREET WEST","SASKATOON,SK","S7M 0R9","52.128975","-106.6833039","161"
"NUTTERS BULK #31","11204 RAILWAY AVE. EAST","NORTH BATTLEFORD,SK","S9A 2R7","52.7629617","-108.28068129999997","162"
"TEA SPA WELLNESS","218 OBRIEN STREET","ATIKOKAN,ON","P0T 1C0","48.7585339","-91.6217858","163"
"EVERGREEN NATURAL FOODS","161 RONCESVALLES AVENUE","Toronto,ON","M6R 2L3","43.6441093","-79.44800420000001","164"
"HEALTH PLUS NUTRITION CENTRE","145 KINGSTON ROAD UNIT","AJAX,ON","L1S 7J4","43.8619579","-79.01774929999999","165"
"NATURE'S EMPORIUM (P)","16655 YONGE ST. UNIT 27","NEWMARKET,ON","L3X 1V6","44.0353076","-79.47342270000001","166"
"HEALTHY SELECTION","1509 BEDFORD HIGHWAY","BEDFORD,NS","B4A 1E3","44.7310898","-63.658887400000026","167"
"THE FRESH CARROT","2-230 OSBORNE ST","WINNIPEG,MT","R3L 1Z5","49.8755216","-97.14080799999999","168"
"NATURE'S FARE - WHITE ROCK","15180 NORTH BLUFF ROAD","White Rock,BC","V4B 3E5","49.0304341","-122.80217920000001","169"
"NATURE'S FARE - PENTICTON","2210 MAIN ST","Penticton,BC","V2A 5H8","49.4735899999999","-119.5807863","170"
"FORBES PHARMACY-FORT ST","922 PANDORA AVE","Victoria,BC","V8V 3P3","48.4272516","-123.35753520000003","171"
"SOBEYS QUEBEC","11281 ALBERT-HUDON BLVD","MONTREAL,QC","H1G 3J5","45.614078","-73.60625590000001","172"
"SEQUOIA FOODS DIEPPE","550 GAUVIN RD","Dieppe,NB","E1A 1M8","46.0972484","-64.73142530000001","173"
"THE HEALTHY BUG","3514 JOSEPH HOWE DRIVE","Halifax,NS","B3L 4H7","44.6560073","-63.63043579999999","174"
"GOODNESS ME - BRANTFORD","605 West St","Brantford,ON","N3R 7C5","43.1706428","-80.24712799999998","175"
"GOODNESS ME - GUELPH","36 Wellington St W","Guelph,ON","N1N 3R8","43.5316327","-80.25706350000002","176"
"GOODNESS ME - WATERLOO","668 Erb St W","Waterloo,ON","N2T 2Z7","43.44619549999999","-80.57481960000001","177"
"GOODNESS ME - MISSISSAUGA","720 Bristol Rd W","Mississauga,ON","L5R 4A5","43.59888","-79.67907259999998","178"
"ROOT CELLAR","34 QUEEN STREET","CHARLOTTETOWN,PEI","C1A 4A3","46.232273","-63.124937999999986","179"
"HEALTHY PLANET","85 ELLESMERE ROAD","SCARBOROUGH,ON","M1R 4B7","43.7574406","-79.31254849999999","180"
"THE STRATFORD HEALTH STORE","240 GRAFF AVE UNIT 4","STRATFORD,ON","N5A 6Y2","43.386583","-80.96898529999999","181"
"PANTRY PLUS","2433 BLV ST JOSEPH","ORLEANS,ON","K1C 1E9","45.4695672","-75.52813579999997","182"
"SANGSTER'S HEALTH CENTRE","220 700 ST.ALBERT TRAIL","ST ALBERT,AB","T8N 7A5","53.65872","-113.63173330000001","183"
"NUTTERS BULK #44 CANMORE","900 RAILWAY AVENUE","CANMORE,AB","T1W 1P4","51.0903767","-115.35391340000001","184"
"STEEP HILL FOOD CO-OP LTD","730 BROADWAY AVENUE","SASKATOON,SK","S7N 1B4","52.1180228","-106.65701100000001","185"
"Home of the Range Organics","235 E Broadway","Vancouver,BC","V5T 3H9","49.2628948","-123.10018739999998","186"
"August Market","3958 Main St","Vancouver,BC","V5V 3P2","49.2498392","-123.10073449999999","187"
"HEALTHY HABIT HEALTH STORE","805 PRINCE STREET","Truro,NS","B2N 1G7","45.3648324","-63.27694029999998","188"
"WHOLE FOODS MARKET - LEASIDE","1860 BAYVIEW AVE","TORONTO,ON","M4G 3E4","43.7140128","-79.37783589999998","189"
"GOODNESS ME - BARRIE","Park Place Barrie 79 Park Pl Blvd","Barrie,ON","L4N 6P4","44.3402738","-79.68156490000001","190"
"GOODNESS ME - UPPER GAGE","1000 Upper Gage Ave","Hamilton,ON","L8V 4R5","43.2136357","-79.8462179","191"
"GOODNESS ME - LOCK ST","176 Locke St S","Hamilton,ON","L8P 4A9","43.2557979","-79.8857372","192"
"GOODNESS ME - WATERDOWN","74 Hamilton St N","Waterdown,ON","L0R 2H6","43.3332123","-79.89781640000001","193"
"GOODNESS ME - BURLINGTON","2300 Fairview St","Burlington,ON","L7R 2E4","43.342662","-79.80300269999998","194"
"LIFEFORCE HERBAL HEALING CNTR","12-101 SIGNAL ROAD","FORT MC MURRAY,AB","T9H 4N6","56.7302687","-111.42693120000001","195"
"Vita Health Fresh Market","200-106 Osborne Street","Winnipeg,MT","R3L 1Y5","49.8759959","-97.14316029999998","196"
"HEALTHY PLANET","80 Thickson Road South Unit 3","Whitby,ON","L1N 7T2","43.8836013","-78.91294929999998","197"
"HEALTHY PLANET","210 North Service Road West","Oakville,ON","L6M 2Y2","43.4483934","-79.70073630000002","198"
"HEALTHY PLANET","8 Lebovic Avenue Unit 3B","Scarborough,ON","M1L 4V9","43.7251218","-79.29121570000001","199"
"HEALTHY PLANET","10520 Yonge Street Unit 20","Richmond Hill,ON","L4C 3C7","43.883814","-79.44174950000001","200"
"HEALTHY PLANET","1725 Kingston Road, Unit 14","Pickering,ON","L1V 4L9","43.847821","-79.073217","201"
"HEALTHY PLANET","2501 Hyde Park Gate Unit C2","Oakville,ON","L6H 6G6","43.515583","-79.68709619999998","202"
"HEALTHY PLANET","588 Sheppard Ave","Toronto,ON","M3H 2S1","43.76885499999999","-79.379189","203"
"HEALTHY PLANET","1425 Dundas St. East Unit 1","MISSISAUGA,ON","L4X 1L4","43.6104956","-79.58374959999998","204"
"HEALTHY PLANET","8567 McCowan Road","Markham,ON","L3P 1W9","43.8693131","-79.28442489999998","205"
"HEALTHY PLANET","95 Laird Drive Leaside Village","Toronto,ON","M4G 3T7","43.706532","-79.3607983","206"
"HEALTHY PLANET","1000 Islington Avenue Unit 3","Etobicoke,ON","M8Z 4P8","43.6299822","-79.51858019999997","207"
"HEALTHY PLANET","3434 Lawrence Ave. East","Scarborough,ON","M1H 1A9","43.7601589","-79.22842229999998","208"
"HEALTHY PLANET","568 Danforth Avenue","Toronto,ON","M4K 1R1","43.6786558","-79.3471601","209"
"HEALTHY PLANET","1-3500 Fairview Street","Burlington,ON","L7N 2R5","43.3581575","-79.7806109","210"
"HEALTHY PLANET","150 West Drive Unit 18","Brampton,ON","L6T 4P9","43.70806049999999","-79.73395779999998","211"
"DRUMHELLER CTR OF NAT. HEALING	BOX #1808","88-3RD AVENUE WEST","DRUMHELLER,AB","T0J 0Y0","51.4639486","-112.7088809","212"
"Natural Focus","6350, 120 Street","Surrey,BC","V3X 3K1","49.1184905","-122.8893693","213"
"Be Fresh Cypress","1900 W 1st Ave","Vancouver,BC","V6J 1G6","49.27059879999999","-123.1480368","214"
"Be Fresh Bayswater","2951 West Broadway","Vancouver,BC","V6K 4N3","49.2643885","-123.1715941","215"
"Euphoria Health","40147 Glenalder Pl #106","Squamish,BC","V8B 0G2","49.7364371","-123.13361910000003","216"
"Nesters Market","7019 Nesters Rd","Whistler,BC","V0N 1B7","50.127752","-122.95585900000003","217"
"Nesters Market","1200 Hunter Pl","Squamish,BC","V8B 0G8","49.7035543","-123.14690510000003","218"
"NATURAL FOCUS FOODS SURREY","131 - 6350 120TH ST.","SURREY,BC","V3X 3K1","49.1184905","-122.8893693","219"
"MEDICINE SHOPPE #347","317 RIVER VALLEY DRIVE","GRAND BAY WESTFIELD,NB","E5K 1A8","45.3065301","-66.19555009999999","220"
"SEQUOIA FREDERICTON NAT ANDORG","494 QUEEN ST SUITE 100","FREDERICTON,NB","E3B 1B6","45.9621423","-66.64139849999998","221"
"CORN CRIB NATURAL FOODS","337 MOUNTAIN ROAD","MONCTON,NB","E1C 2M5","46.0962097","-64.79128960000003","222"
"NUTTER'S BULK #3","RED DEER	20A 5250 22ND STREET","RED DEER,AB","T4R 2T4","52.239227","-113.817518","223"
"VINCENZOS","150 CAROLINE ST S","WATERLOO,ON","N2L 0A5","43.4595503","-80.51941529999999","224"
"HEALTH & BODY NUTRITION","7070 SAINT BARBARA BLVD #26","MISSISSAUGA,ON","L5W 0E6","43.6386223","-79.7168805","225"
"AVE MARIA SPECIALTIES LTD","1638 20TH AVENUE","PRINCE GEORGE,BC","V2L 4B6","53.905733","-122.75867870000002","226"
"MOTHER NATURES","331 COLUMBIA AVE","CASTLEGAR,BC","V1N 1G6","49.3262151","-117.6653159","227"
"HEALTH FOOD HEAVEN","520 - 1200 HUNTER PLACE","SQUAMISH,BC","V8B 0G8","49.7035543","-123.14690510000003","228"
"HOUSE OF NUTRITION-COLWOOD","#6-310 GOLDSTREAM AVENUE","VICTORIA,BC","V9B 2W3,","48.4422935","-123.47017449999998","229"
"CANADIAN NUTRITION CENTRE","1795 HENDERSON HWY","WINNIPEG,MT","R2G 1P3","49.95335859999999","-97.0768152","230"
"Choices Market Kerrisdale","1888 57th Ave W","Vancouver,BC","V6P 1T7","49.2193376","-123.149673","231"
"The Big Carrot","348 Danforth Ave","Toronto,ON","M4K 1N8","43.6776334","-79.3527656","232"
"Thrifty Foods","North Vancouver	845 Marine Dr","North Vancouver,BC","V7P1R7","49.3214032","-123.0958766","234"
"SFU Bookstore","downtown	555 W Hastings St","Vancouver,BC","V6B4N4","49.2847563","-123.11215040000002","235"
"SFU Bookstore","8888 University Dr W","Burnaby,BC","V5A 1S6","49.280755","-122.92464530000001","236"
"Bluhouse Market and Cafe","4342 Gallant Ave","North Vancouver,BC","V7G 1K8","49.3269092","-122.95110769999997","237"
"Nester's Market SFU","9000 University High St","Burnaby,BC","V5A 4X6","49.2777836","-122.90993860000003","238"
"Thrifty Foods Hillside","1580 Hillside Ave","Victoria,BC","V8T 4Y3","48.444892","-123.336005","239"
"Thrifty Foods James Bay","475 Simcoe St","Victoria,BC","V8V 4T4","48.41539","-123.37488300000001","240"
"Kootenay Coop","777 Baker St","Nelson,BC","V1L 4J5","49.49384999999999","-117.29072400000001","241"
"Naked Naturals","142 ALBERNI HWY","PARKSVILLE,BC","V9P 2H4","49.3196463","-124.31349180000001","242"
"A VOTRE SANTE","5126 SHERBROOKE  O","MONTREAL,QC","H4A 1T1","45.47586949999999","-73.6067463","243"
"THE ISLAND JAR","15 WATER ST EAST","LITTLE CURRENT,ON","P0P 1K0","45.9809058","-81.92662769999998","244"
"THE GRANARY","107 BRIDGE ST","CARLETON PLACE,ON","K7C 2V4","45.1392233","-76.14476669999999","245"
"Sprouts Market","1959 West Ray Road","Chandler, AZ","85224","33.3189744","-111.87559850000002","246"
"Sprouts Market","9301 East Shea Blvd. #132","Scottsdale, AZ","85260","33.5809114","-111.8811427","247"
"Sprouts Market","8375 West Thunderbird Road","Peoria, AZ","85381","33.6085201","-112.23958500000003","248"
"Sprouts Market","8040 North 19th Avenue","Phoenix, AZ","85021","33.5544783","-112.1004552","249"
"Sprouts Market","7665 North Oracle Way","Oro Valley, AZ","85704","32.3467086","-110.97792500000003","250"
"Sprouts Market","13759 West Bell Road","Surprise, AZ","85374","33.6370382","-112.35639570000001","251"
"Sprouts Market","47135E. Ray Rd, Unit A001","Phoenix, AZ","85044","33.3201951","-111.99404190000001","252"
"Sprouts Market","1625 E. Glendale Ave","Phoenix, AZ","85020","33.5375046","-112.0460023","253"
"Sprouts Market","3860 W. River Rd","Tucson, AZ","85741","32.3221277","-111.04331930000001","254"
"Sprouts Market","6760 W. Deer Valley Rd","Glendale, AZ","85310","33.6823247","-112.20415170000001","255"
"Sprouts Market","5645 E. State Route 69","Prescott Valley, AZ","86314","34.5847844","-112.33373770000003","256"
"Sprouts Market","4065 S. Gilbert Rd","Chandler, AZ","85249","33.2474753","-111.78848370000003","257"
"Sprouts Market","2060 Baseline Rd","Mesa, AZ","85204","33.3810439","-111.78680220000001","258"
"Sprouts Market","4100 East Legacy Drive #401","Plano, TX","75024","33.0699417","-96.77333770000001","259"
"Sprouts Market","2301 Cross Timbers Road #200","Flower Mound, TX","75028","33.0333421","-97.06423799999999","260"
"Sprouts Market","1343 West Campbell Road","Richardson, TX","75080","32.9769018","-96.76495779999999","261"
"Sprouts Market","207 E. FM 544","Murphy, TX","75094","33.0114762","-96.60885919999998","262"
"Sprouts Market","362 E. FM 1382","Cedar Hill, TX","75104","32.5925446","-96.93918580000002","263"
"Sprouts Market","4650 SW Loop 820","Fort Worth, TX","76109","32.6832141","-97.39395609999997","264"
"Sprouts Market","1140 Airline Rd.","Corpus Christi, TX","78412","27.7106381","-97.3625189","265"
"Sprouts Market","655 Sunland Park Dr","El Paso, TX","79912","31.8208798","-106.54284410000002","266"
"Sprouts Market","6920 Manchaca Rd","Austin, TX","78745","30.2024612","-97.80827629999999","267"
"Sprouts Market","1800 N. Henderson Ave","Dallas, TX","75206","32.8111206","-96.77270499999997","268"
"Sprouts Market","9241 Virginia  Pkwy","McKinney, TX","75070","33.2029933","-96.73477700000001","269"
"Sprouts Market","11940 Westheimer Rd","Houston, TX","77077","29.7376175","-95.5902461","270"
"Sprouts Market","20708 Kuykendahl Rd.","Spring, TX","77379","30.0708455","-95.50801760000002","271"
"Sprouts Market","5711 W. Interstate 20 Hwy","Arlington, TX","76017","32.6769805","-97.19483559999998","272"
"Sprouts Market","3001 Lakeview Pkwy","Rowlett, TX","75088","32.9088325","-96.57337580000001","273"
"Sprouts Market","2718 Old Chocolate Bayou Rd","Pearland, TX","77584","29.558073","-95.3482141","274"
"Sprouts Market","2036 N. Zaragoza Rd","El Paso, TX","79938","31.7605563","-106.26971120000002","275"
"Sprouts Market","2500 Eldorado Pkwy","Frisco, TX","75033","33.1798384","-96.86767450000002","276"
"Sprouts Market","6821 W. 135th St","Overland Park, KS","66223","38.881829","-94.665863","277"
"Sprouts Market","4740 Bauer Farm Dr","Lawrence, KS","66049","38.97344560000001","-95.3044726","278"
"Sprouts Market","152 North 2nd Street","El Cajon, CA","92021","32.795883","-116.93648200000001","279"
"Sprouts Market","149 South Las Posas Road","San Marcos, CA","92078","33.1404515","-117.19044839999998","280"
"Sprouts Market","14945 Holt Avenue","Tustin, CA","92780","33.7464695","-117.81553359999998","281"
"Sprouts Market","12301 Seal Beach ","Seal Beach, CA","90740","33.7841434","-118.07346660000002","282"
"Sprouts Market","9861 Adams Ave","Huntington Beach, CA","92646","33.6733734","-117.95535440000003","283"
"Sprouts Market","11710 Carmel Mountain Road","San Diego, CA","92128","32.9810871","-117.0801452","284"
"Sprouts Market","39 N. Rosemead Blvd.","Pasadena, CA","91107","34.1473491","-118.07420330000002","285"
"Sprouts Market","24285 Magic Mountain Parkway","Santa Clarita, CA","91355","34.4207545","-118.56061339999997","286"
"Sprouts Market","1515 Hawthorne Blvd.","Redondo Beach, CA","90278","33.86827299999999","-118.35427820000001","287"
"Sprouts Market","10821 N. Zelzah Ave.","Granada Hills, CA","91344","34.297335","-118.52797859999998","288"
"Sprouts Market","1260 Garnet Avenue","San Diego, CA","92109","32.798693","-117.247027","289"
"Sprouts Market","3315 Rosecrans Street, Suite B","San Diego, CA","92110","32.74753760000001","-117.20660909999998","290"
"Sprouts Market","3358 Governor Drive","San Diego, CA","92122","32.8518064","-117.21433200000001","291"
"Sprouts Market","3205 Lemon Grove Avenue","Lemon Grove, CA","91945","32.74052140000001","-117.02995650000003","292"
"Sprouts Market","27271 La Paz Rd","Laguna Niguel, CA","92677","33.5674278","-117.70925740000001","293"
"Sprouts Market","17482 Yorba Linda Blvd.","Yorba Linda, CA","92886","33.8874607","-117.8290652","294"
"Sprouts Market","27765 Santa Margarita Parkway","Mission Viejo, CA","92691","33.6542397","-117.64600129999997","295"
"Sprouts Market","120 West Ontario Avenue","Corona, CA","92882","33.8557889","-117.57076919999997","296"
"Sprouts Market","3243 Camino de los Coches","Carlsbad, CA","92009","33.0749803","-117.23866570000001","297"
"Sprouts Market","32413 Highway 79 South","Temecula, CA","92592","33.4825593","-117.09243709999998","298"
"Sprouts Market","820 North Western Ave.","San Pedro, CA","90732","33.7502607","-118.3080794","299"
"Sprouts Market","510 West 13th Avenue ","Escondido, CA","92025","33.1080257","-117.08064389999998","300"
"Sprouts Market","400 West Huntington Dr. ","Monrovia, CA","91016","34.1396359","-118.00813540000001","301"
"Sprouts Market","222 E. 17th Street","Costa Mesa, CA","92626","33.6351063","-117.91781330000003","302"
"Sprouts Market","22402 Old Canal Rd","Yorba Linda, CA","92888","33.8732646","-117.74521800000002","303"
"Sprouts Market","7905 Greenback Lane","Citrus Heights, CA","95610","38.6797702","-121.27061630000003","304"
"Sprouts Market","3900 Mowry Ave","Fremont, CA","94538","37.5489331","-121.9867448","305"
"Sprouts Market","5205 Prospect Rd #153","San Jose, CA","95129","37.2928868","-121.99259640000002","306"
"Sprouts Market","7477 N. Blackstone","Fresno, CA","93720","36.8447822","-119.7932394","307"
"Sprouts Market","401 Kenilworth Dr #1040","Petaluma, CA","94952","38.2440075","-122.62474250000002","308"
"Sprouts Market","3181 Crow Canyon Place","San Ramon, CA","94583","37.7776223","-121.9694715","309"
"Sprouts Market","3001 Broadway","Oakland, CA","94611","37.819181","-122.262628","310"
"Sprouts Market","1075 Monroe St","Albany, CA","94706","37.8852348","-122.2979641","311"
"Sprouts Market","915 N. La Brea Ave","Los Angeles, CA","90046","34.0874973","-118.34461269999997","312"
"Sprouts Market","550 Camino de Estrella","San Clemente, CA","92672","33.456889","-117.655415","313"
"Sprouts Market","1300 Pinole Valley Rd","Pinole, CA","94564","37.9997962","-122.28677849999997","314"
"Sprouts Market","1028 E. Brokaw Rd","San Jose, CA","95131","37.381233","-121.8982211","315"
"Sprouts Market","8985 Venice Blvd","Los Angeles, CA","90034","34.0271331","-118.39285569999998","316"
"Sprouts Market","175 N. Fairview Ave","Goleta, CA","93117","34.4422813","-119.83243709999999","317"
"Sprouts Market","1375 Foothill Blvd","La Verne, CA","91750","34.118763","-117.77753430000001","318"
"Sprouts Market","2400 Las Posas Rd","Camarillo, CA","93010","34.235181","-119.03742979999998","319"
"Sprouts Market","11900 South St","Cerritos, CA","90703","33.857491","-118.07926020000002","320"
"Sprouts Market","5150 West 120th Avenue","Westminster CO","80020","39.9122006","-105.05054389999998","321"
"Sprouts Market","9751 South Parker Road","Parker CO","80134","39.5391112","-104.77138209999998","322"
"Sprouts Market","20831 E. Smoky Hill Rd.","Centennial, CO","80015","39.6084579","-104.74542080000003","323"
"Sprouts Market","5650 Allen Way","Castle Rock, CO","80108","39.4153045","-104.86342830000001","324"
"Sprouts Market","15405 E. Briarwood Circle","Aurora, CO","80016","39.5943482","-104.80921260000002","325"
"Sprouts Market","2525 Arapahoe Ave","Boulder, CO","80302","40.0152736","-105.26263990000001","326"
"Sprouts Market","2601 S. Lemay Ave","Fort Collins, CO","80525","40.5510404","-105.05830689999999","327"
"Sprouts Market","8557 E. Arapahoe Rd #B","Greenwood Village, CO","80112","39.596367","-104.8909989","328"
"Sprouts Market","1131 E. 120th Ave","Thornton, CO","80233","39.9167779","-104.97336689999997","329"
"Sprouts Market","3625 E. Colfax Ave","Denver, CO","80206","39.7404344","-104.94480350000003","330"
"Sprouts Market","3725 Kipling St","Wheat Ridge, CO","80033","39.7677621","-105.11034569999998","331"
"Sprouts Market","98 Wadsworth Blvd","Lakewood, CO","80226","39.7170058","-105.07999640000003","332"
"Sprouts Market","5617 Barnes Rd","Colorado Springs, CO","80917","38.8943399","-104.722445","334"
"Sprouts Market","15050 West 64th Ave","Arvada, CO","80007","39.812111","-105.168297","335"
"Sprouts Market","5250 Medford Dr","Hoover, AL","35244","33.355859","-86.85498310000003","336"
"Sprouts Market","7504 US 72 West, Unit B","Madison, AL","35758","34.7585393","-86.72924160000002","337"
"Sprouts Market","3365 E. Tropicana Ave","Las Vegas, NV","89121","36.0987967","-115.102057","338"
"Sprouts Market","4020 S. Rainbow Blvd","Las Vegas, NV","89103","36.1152921","-115.24132700000001","339"
"Sprouts Market","8441 Farm Rd","Las Vegas, NV","89131","36.2988454","-115.27945549999998","340"
"Sprouts Market","7530 W. Lake Mead Blvd","Las Vegas, NV","89128","36.1975734","-115.25896720000003","341"
"Sprouts Market","1250 Scenic Highway, suite 1704","Lawrenceville, GA","30045","33.9006153","-84.00415579999998","342"
"Sprouts Market","5130 Peachtree Pkwy","Peachtree Corners, GA","30092","33.9813094","-84.2139884","343"
"Sprouts Market","4600 Roswell Rd, Suite A100","Sandy Springs, GA","30342","33.8808057","-84.3807602","344"
"Sprouts Market","4330 East-West Connector","Smyrna, GA","30082","33.8427234","-84.50109680000003","346"
"Sprouts Market","2220 Peachtree Industrial Blvd","Duluth, GA","30097","34.0217546","-84.1194997","347"
"Sprouts Market","1430 Towne Lake Pkwy","Woodstock, GA","30189","34.106213","-84.54004040000001","348"
"Sprouts Market","4310 Lavista Rd","Tucker, GA","30084","33.8495478","-84.24294040000001","349"
"Sprouts Market","9414 Falls of Neuse Rd","Raleigh, NC","27615","35.9024125","-78.60451019999999","350"
"Sprouts Market","9050 Highway 64","Lakeland, TN","38002","35.2058544","-89.76131470000001","351"
"Sprouts Market","3150 Village Shops Dr #105","Germantown, TN","38138","35.0634402","-89.75724009999999","352"
"Sprouts Market","576 S. Perkins","Memphis, TN","38117","35.1153343","-89.906296","353"
"Sprouts Market","6284 S. State St","Murray, UT","84107","40.6344336","-111.8903659","354"
"Sprouts Market","1375 S. State St","Orem, UT","84097","40.2719552","-111.68278700000002","355"
"Sprouts Market","1523 S. Dale Mabry Hwy","Tampa, FL","33629","27.9293424","-82.5061048","356"
"Sprouts Market","33652 US Hwy 19 N.","Palm Harbor, FL","34684","28.0780747","-82.7392284","357"
"Sprouts Market","10701 Corrales Rd NW","Albuquerque, NM","87114","35.2047984","-106.64764030000003","358"
"Sprouts Market","5112 Lomas Blvd NE","Albuquerque, NM","87110","35.0867356","-106.5876523","359"
"Sprouts Market","199 Paseo de Peralta","Santa Fe, NM","87501","35.6925551","-105.94959590000002","360"
"Sprouts Market","13150 Central Ave SE","Albuquerque, NM","87123","35.066465","-106.49922349999997","361"
"Sprouts Market","8383 N. Booth Ave","Kansas City, MO","64158","39.2437426","-94.47724699999998","362"
"Sprouts Market","6061 NW 64th St","Kansas City, MO","64151","39.20984250000001","-94.65030660000002","363"
"KELLY'S NUTRITION CENTRE","820 RED RIVER ROAD","THUNDER BAY,ON","P7B 1K2","48.4454071","-89.24667850000003","368"
"TODAY'S NATURAL SOLUTIONS-COBO","955 ELGIN ST WEST UNIT # 1","COBOURG,ON","K9A 5G3","43.972798","-78.19337680000001","369"
"THE WATERBUG HEALTH FOOD STORE","850 COLBORNE ROAD","SARNIA,ON","N7T 6V8","42.9870539","-82.38789079999998","370"
"CNC HEALTH FOOD LTD","254 KINGS ROAD","SYDNEY,NS","B1S 1A6","46.1270446","-60.19732369999997","371"
"IGA #039","3515 W. 4th Avenue","Vancouver,BC","V6R 1N9","49.2687541","-123.18235249999998","372"
"Fresh St West Van","1650 Marine Dr","West Vancouver,BC","V7V 1J1","49.3279185","-123.15949369999998","373"
"Fresh St Panorama Surrey","15127 Highway 10","Surrey,BC","V3S 9A5","49.1050721","-122.8051979","374"
"IGA #011","909 Burrard St","Vancouver,BC","V6Z 2N2","49.2822366","-123.12494249999997","375"
"IGA #49","2491 Marine Dr.","West Vancouver,BC","V7V 1L3","49.33505299999999","-123.18189899999999","376"
"IGA #25","Box 549 (1705 Campbell Way)","Port McNeill,BC","V0N 2R0","50.5887855","-127.08581559999999","377"
"IGA #23","2286 W. Broadway","Vancouver,BC","V6K 2A3","49.26360829999999","-123.15722499999998","378"
"IGA #17","#102 -22259 - 48th Avenue","Langley,BC","V3A 8T1","49.0903776","-122.60702470000001","379"
"Fresh St Fleetwood Surrey","15930 Fraser Highway","Surrey,BC","V4N 0X8","49.1578545","-122.78063209999999","380"
"Boerne Epicure","210 South Main Street","Boerne,TX","78006","29.7923033","-98.73123939999999","381"
"Cambridge Naturals","23 White St","Cambridge	,MA","2140","42.3889824","-71.11892260000002","382"
"Common Market","5703 Industry Lane, Suite 102","Frederick,MD","21704","39.3916836","-77.41274599999997","383"
"Staff of Life Market","1266 Soquel Ave","Santa Cruz,CA","95062","36.9804366","-122.00832220000001","384"
"Country Sun","440 S. CALIFORNIA AVENUE","Palo Alto,CA","94306","37.42616460000001","-122.14537760000002","385"
"Rainbow Grocery","1745 FOLSOM STREET","San Francisco,CA","94103","37.7692662","-122.41545400000001","386"
"Sprouts Market","5665 West Bell Road","Glendale, AZ","85308","33.6372921","-112.18076259999998","387"
"Sprouts Market","12415 North Tatum Blvd.","Phoenix, AZ","85032","33.5994795","-111.97850419999997","388"
"Sprouts Market","1933 East Brown Road","Mesa, AZ","85203","33.4360779","-111.7892764","389"
"Sprouts Market","2824 E. Indian School Rd. #126","Phoenix, AZ","85016","33.4960409","-112.02056620000002","390"
"Sprouts Market","5130 West Peoria Avenue","Glendale,AZ","85302","33.5831863","-112.17007339999998","391"
"Sprouts Market","5225 East Southern Avenue","Mesa, AZ","85206","33.392263","-111.718076","392"
"Sprouts Market","1813 North Dysart Road","Avondale, AZ","85392","33.4685386","-112.33984079999999","393"
"Sprouts Market","2582 South Val Vista Drive","Gilbert, AZ","85296","33.3032318","-111.75756719999998","394"
"Sprouts Market","2855 South Alma School Road","Chandler, AZ","85248","33.264426","-111.85836560000001","395"
"Sprouts Market","245 E. Bell Rd #15","Phoenix, AZ","85022","33.6380232","-112.07178020000003","396"
"Sprouts Market","4402 N. Miller Rd","Scottsdale, AZ","85251","33.5009662","-111.91908660000001","397"
"Sprouts Market","1706 E. Southern Ave","Tempe, AZ","85282","33.394318","-111.91130709999999","398"
"Sprouts Market","4282 N. 1st Ave","Tucson, AZ","85719","32.2851952","-110.96109200000001","399"
"Sprouts Market","4645 E. Speedway Blvd","Tucson, AZ","85712","32.2375283","-110.8935262","400"
"Sprouts Market","1540 N. Riordan Ranch Rd","Flagstaff, AZ","86001","35.1857759","-111.65922039999998","401"
"Sprouts Market","23269 N. Scottsdale Rd","Scottsdale, AZ","85255","33.6975918","-111.92337529999998","402"
"Sprouts Market","10134 W. Happy Valley Rd","Peoria, AZ","85383","33.7130259","-112.27755869999999","403"
"Sprouts Market","21181 S. Ellsworth Loop Rd","Queen Creek, AZ","85142","33.2561603","-111.63818420000001","404"
"Sprouts Market","1590 S. 4th Ave","Yuma, AZ","85364","32.6988783","-114.6249209","405"
"Sprouts Market","174 E. Sheldon St","Prescott, AZ","86301","34.5467568","-112.46760640000002","406"
"Sprouts Market","11722 Marsh Lane #317","Dallas, TX","75229","32.9083342","-96.85377770000002","407"
"Sprouts Market","220 Randol Mill Avenue","Southlake, TX","76092","32.9386735","-97.18687729999999","408"
"Sprouts Market","110 West Sandy Lake Rd. Ste. 180","Coppell, TX","75019","32.9705995","-96.99498189999997","409"
"Sprouts Market","110 IH 35 North, Ste.299","Round Rock, TX","78681","30.5078968","-97.68682669999998","410"
"Sprouts Market","10225 Research Blvd. #1000","Austin, TX","78759","30.3953698","-97.74538919999998","411"
"Sprouts Market","1745 E. Hebron Parkway","Carrollton, TX","75010","33.0254949","-96.8886842","412"
"Sprouts Market","4006 S. Lamar Blvd. Ste 400","Austin, TX","78704","30.23768029","-97.79324329999997","413"
"Sprouts Market","8101 Callaghan Rd.","San Antonio, TX","78230","29.5133901","-98.55044980000002","414"
"Sprouts Market","2008 N. 10th St.","McAllen, TX","78501","26.2218034","-98.22620119999999","415"
"Sprouts Market","17700 N. US Hwy 281 Ste. 200","San Antonio, TX","78232","29.6019294","-98.46882579999999","416"
"Sprouts Market","8201 Quaker Ave., Suite 140 ","Lubbock, TX","79424","33.5187809","-101.90380119999998","417"
"Sprouts Market","23105 Cinco Ranch Blvd","Katy, TX","77494","29.7433153","-95.76934549999999","418"
"Sprouts Market","22506 Tomball Pkwy","Houston, TX","77070","30.0117214","-95.58769080000002","419"
"Sprouts Market","7055 Hwy 6 North","Houston, TX","77095","29.8804537","-95.64692909999997","420"
"Sprouts Market","2003 S. Main St","Keller, TX","76248","32.8975415","-97.25541679999998","421"
"Sprouts Market","195 Yale St, Ste 100","Houston, TX","77007","29.7748442","-95.4001533","422"
"Sprouts Market","1520 Cypress Creek Rd.","Austin, TX","78613","30.4808293","-97.83288770000001","423"
"Sprouts Market","316 Grapevine Hwy","Hurst, TX","76054","32.8693715","-97.1716336","424"
"Sprouts Market","1550 E. Debbie Lane","Mansfield, TX","76063","32.6060763","-97.11309260000002","425"
"Sprouts Market","1265 W. Exchange Pkwy","Allen, TX","75013","33.1142758","-96.69742459999998","426"
"Sprouts Market","4930 Teasley Lane","Denton, TX","76210","33.1479757","-97.10698430000002","427"
"Sprouts Market","7110 Skillman St","Dallas, TX","75231","32.876129","-96.73417080000002","428"
"Sprouts Market","8550 Maurer Rd.","Lenexa, KS","66219","38.9731726","-94.77272340000002","429"
"Sprouts Market","7728 E. Central Ave","Wichita, KS","67206","37.6947871","-97.2468106","430"
"Sprouts Market","9628 Nall Ave","Overland Park, KS","66207","38.9546558","-94.64962550000001","431"
"Sprouts Market","4230 Pacific Coast HWY","Torrance, CA","90505","33.8065071","-118.35905130000003","432"
"Sprouts Market","835 West Foothill Blvd","Claremont, CA","91711","34.107757","-117.73007910000001","433"
"Sprouts Market","3775 Alton Parkway","Irvine, CA","92606","33.6844045","-117.81487149999998","434"
"Sprouts Market","735 East Birch Street","Brea, CA","92821","33.919003","-117.88934840000002","435"
"Sprouts Market","475 E. Alessandro Boulevard","Riverside, CA","92508","33.9139632","-117.32328039999999","436"
"Sprouts Market","1500 E. Village Way, Ste. 2279","Orange, CA","92865","33.8256801","-117.8385285","437"
"Sprouts Market","600 W. Hillcrest Dr.","Thousand Oaks, CA","91360","34.1848983","-118.89225820000001","438"
"Sprouts Market","5660 Sepulveda Blvd.","Culver City, CA","90230","33.9892564","-118.3942118","439"
"Sprouts Market","111 E. El Camino Real","Sunnyvale, CA","94087","37.367387","-122.03052000000002","440"
"Sprouts Market","6760 Stanford Ranch Road","Roseville,CA","95678","38.7798106","-121.26697560000002","441"
"Sprouts Market","7153 Amador Plaza Rd.","Dublin, CA","94568","37.7077918","-121.92916780000002","442"
"Sprouts Market","1327 Encinitas Blvd.","Encinitas, CA","92024","33.044768","-117.26090299999998","443"
"Sprouts Market","4630 Palm Avenue","La Mesa, CA","91941","32.7628352","-117.01873660000001","444"
"Sprouts Market","4175 Park Boulevard","San Diego, CA","92103","32.7532967","-117.14587499999999","445"
"Sprouts Market","13536 Poway Road","Poway, CA","92064","32.9572276","-117.03747190000001","446"
"Sprouts Market","8211 Laguna Blvd.","Elk Grove, CA","95758","38.423655","-121.40613000000002","447"
"Sprouts Market","659 Lomas Sante Fe Drive","Solana Beach, CA","92075","32.9956385","-117.25977030000001","448"
"Sprouts Market","4439 Genesse Ave.","San Diego, CA","92117","32.8244924","-117.18372690000001","449"
"Sprouts Market","1295 South State Street","Hemet, CA","92543","33.7278644","-116.9726387","450"
"Sprouts Market","1011 North San Fernando Blvd.","Burbank, CA","91504","34.1870282","-118.31903299999999","451"
"Sprouts Market","2618 El Camino Real","Carlsbad, CA","92008","33.1764953","-117.32482240000002","452"
"Sprouts Market","3030 Harbor Blvd., Suite D","Costa Mesa, CA","92626","33.6820599","-117.91788080000003","453"
"Sprouts Market","3630 Grand Avenue","Chino Hills, CA","91709","34.0031658","-117.72752789999998","454"
"Sprouts Market","1447 South Harbor Blvd.","Fullerton, CA","92832","33.856507","-117.92616900000002","455"
"Sprouts Market","7355 Day Creek Boulevard","Rancho Cucamonga, CA","91739","34.1198054","-117.53524849999997","456"
"Sprouts Market","79050 Highway 111","La Quinta, CA","92253","33.7092447","-116.28525360000003","457"
"Sprouts Market","15727 Bernardo Heights Pwky","San Diego, CA","92128","33.0035811","-117.0584452","458"
"Sprouts Market","471 College Boulevard","Oceanside, CA","92057","33.2444504","-117.2909201","459"
"Sprouts Market","39606 Winchester Road","Temecula, CA","92591","33.5412192","-117.14236800000003","460"
"Sprouts Market","9361 Mission Gorge Road","Santee, CA","92071","32.837426","-116.99344480000002","461"
"Sprouts Market","21821 Ventura Blvd.","Woodland Hills, CA","91364","34.1696059","-118.60297939999998","462"
"Sprouts Market","3011 El Camino Real","Tustin, CA","92782","33.7251207","-117.79066399999999","463"
"Sprouts Market","1510 Geary Rd","Walnut Creek, CA","94597","37.9265735","-122.0641693","464"
"Sprouts Market","4253 Woodruff Ave","Lakewood, CA","90713","33.8357062","-118.117681","465"
"Sprouts Market","920 Foothill Blvd","La Canada Flintridge, CA","91011","34.2034747","-118.19869779999999","466"
"Sprouts Market","15801 Whittier Blvd","Whittier, CA","90603","33.9443554","-117.99211120000001","467"
"Sprouts Market","1700 McHenry Blvd","Modesto, CA","95350","37.6700914","-120.99307499999998","468"
"Sprouts Market","4408 Del Rio Blvd","Sacramento, CA","95822","38.5363897","-121.50481230000003","469"
"Sprouts Market","1130 Branham Lane","San Jose, CA","95118","37.2619862","-121.87817719999998","470"
"Sprouts Market","6605 Fallbrook Ave","West Hills, CA","91307","34.1893299","-118.6244264","471"
"Sprouts Market","1751 Westwood Blvd","Los Angeles, CA","90024","34.0510906","-118.43854670000002","472"
"Sprouts Market","301 Gellert Blvd","Daly City, CA","94015","37.6685726","-122.46770670000001","473"
"Sprouts Market","6942 Warner Ave","Huntington Beach, CA","92647","33.7144665","-118.00755429999998","474"
"Sprouts Market","10650 Stockdale Hwy #400","Bakersfield, CA","93311","35.3519012","-119.12161960000003","475"
"Sprouts Market","847 W. Foothill Blvd","Upland, CA","91786","34.1084283","-117.66204290000002","476"
"Sprouts Market","2060 El Camino Real","Santa Clara, CA","95050","37.3501893","-121.9623487","477"
"Sprouts Market","1431 W. Imperial Hwy","La Habra, CA","90631","33.9188829","-117.9619826","478"
"Sprouts Market","20558 Stevens Creek Blvd","Cupertino, CA","95014","37.322263","-122.03520409999999","479"
"Sprouts Market","655 Irwin St","San Rafael, CA","94901","37.96857","-122.5228909","480"
"Sprouts Market","2245 Yosemite Dr","Los Angeles, CA","90041","34.1358072","-118.21640639999998","481"
"Sprouts Market","2325 Sand Creek Rd","Brentwood, CA","94513","37.9441826","-121.73481609999999","482"
"Sprouts Market","850 Herndon Ave","Clovis, CA","93612","36.8365342","-119.69764759999998","483"
"Sprouts Market","2030 Douglas Blvd","Roseville, CA","95661","38.7427709","-121.2516372","484"
"Sprouts Market","16415 Paseo del Sur","San Diego, CA","92127","33.0196527","-117.12350879999997","485"
"Sprouts Market","655  S. Grand Ave","Glendora, CA","91740","34.1218011","-117.87256730000001","486"
"Sprouts Market","2800 Cochran St","Simi Valley, CA","93065","34.2780159","-118.74159629999997","487"
"Sprouts Market","905 E. Bidwell St","Folsom, CA","95630","38.669237","-121.15725399999997","488"
"Sprouts Market","4870 Telephone Rd","Ventura, CA","93003","34.26135290000001","-119.22726990000001","489"
"Sprouts Market","560 S. Stuart Ave","Redlands, CA","92373","34.0601823","-117.18832989999999","490"
"Sprouts Market","6753 Carnelian St","Rancho Cucamonga, CA","91701","34.1315873","-117.61489269999998","491"
"Sprouts Market","6399 Jarvis Ave","Newark, CA","94560","37.5478717","-122.05157280000003","492"
"Sprouts Market","4345 Corbett Drive","Fort Collins CO","80525","40.525923","-105.02907149999999","493"
"Sprouts Market","2950 Baseline Rd.","Boulder, CO","80303","39.9990675","-105.25431730000003","494"
"Sprouts Market","1150 S. Ironton St., Unit 130","Aurora, CO","80012","39.69561600000001","-104.86292309999999","495"
"Sprouts Market","4759 W. 29th Street, Unit B","Greeley, CO","80634","40.39101400000001","-104.75879399999997","496"
"Sprouts Market","10018 Commons Street","Lone Tree, CO","80124","39.5342451","-104.87999730000001","497"
"Sprouts Market","7725 Wadsworth Blvd","Arvada, CO","80003","39.8364238","-105.08372250000002","498"
"Sprouts Market","1730 Dublin Blvd","Colorado Springs, CO","80918","38.9266087","-104.7949911","499"
"Sprouts Market","4700 W. 38th Ave","Denver, CO","80212","39.7689608","-105.04833300000001","500"
"Sprouts Market","2880 S. Colorado Blvd","Denver, CO","80222","39.6642343","-104.93940829999997","501"
"Sprouts Market","1980 E. County Line Rd","Highlands Ranch, CO","80126","39.5649577","-104.96324240000001","502"
"Sprouts Market","555 W. South Boulder Rd","Lafayette, CO","80026","39.9887472","-105.0965061","503"
"Sprouts Market","8601 W. Cross Dr","Littleton, CO","80123","39.61538789999999","-105.09432579999998","504"
"Sprouts Market","1101 S. Hover St","Longmont, CO","80501","40.146381","-105.13096910000002","505"
"Sprouts Market","1450 W. Independent Ave","Grand Junction, CO","81505","39.0801688","-108.58656819999999","506"
"Sprouts Market","5001 S. Broadway","Englewood, CO","80113","39.6247007","-104.98863319999998","507"
"Sprouts Market","197 E. Mississippi Ave","Denver, CO","80209","39.6969735","-104.98566440000002","508"
"Sprouts Market","13415 Voyager Pkwy","Colorado Springs, CO","80921","39.02595609999999","-104.81702910000001","509"
"Sprouts Market","1440 E. Lincoln Ave","Loveland, CO","80538","40.4081999","-105.07299949999998","510"
"Sprouts Market","5265 US Hwy 280, Unit 130","Birmingham, AL","35243","33.4181835","-86.68563499999999","511"
"Sprouts Market","1031 Montgomery Hwy","Vestavia Hills, AL","35216","33.4391133","-86.78832840000001","512"
"Sprouts Market","635 S. Green Valley Pkwy","Henderson, NV","89052","36.0043179","-115.08493190000002","513"
"Sprouts Market","515 N. Stephanie St","Henderson, NV","89014","36.0568841","-115.04831660000002","514"
"Sprouts Market","10000 W. Sahara Ave","Las Vegas, NV","89117","36.1459635","-115.31312780000002","515"
"Sprouts Market","587 S. Meadows Pkwy","Reno, NV","89521","39.43870769999999","-119.75914539999997","516"
"Sprouts Market","2480 Mt. Vernon Rd","Dunwoody, GA","30338","33.9587976","-84.30196339999998","517"
"Sprouts Market","530 Lakeland Plaza","Cumming, GA","30040","34.1863811","-84.14360729999999","518"
"Sprouts Market","3630 Peachtree Pkwy","Suwanee, GA","30024","34.0710672","-84.16779459999998","519"
"Sprouts Market","1853 Piedmont Ave","Atlanta, GA","30324","33.8063127","-84.36622349999999","520"
"Sprouts Market","10800 Alpharetta Hwy, Suite C-410","Roswell, GA","30076","34.0439893","-84.34220370000003","521"
"Sprouts Market","4102 Roswell Rd","Marietta, GA","30063","33.98002580000001","-84.4321392","522"
"Sprouts Market","2015 E. Highway 54","Peachtree City, GA","30269","33.4194724","-84.56054879999999","523"
"Sprouts Market","3805 Dallas Hwy SW","Marietta, GA","30064","33.9502491","-84.66340989999998","524"
"Sprouts Market","1010 Murfreesboro Rd","Franklin, TN","37064","35.9158546","-86.83901589999999","525"
"Sprouts Market","143 Wendelwood Dr","Murfreesboro, TN","37129","35.8791459","-86.38540009999997","526"
"Sprouts Market","7620 Hwy 70 South","Nashville, TN","37221","36.0805859","-86.94747960000001","527"
"Sprouts Market","656 E. 200 South","Salt Lake City, UT","84102","40.7645331","-111.87272280000002","528"
"Sprouts Market","1785 E. Murray Holladay Rd","Holladay, UT","84117","40.6672497","-111.84078649999998","529"
"Sprouts Market","11519 South 4000 West","South Jordan, UT","84095","40.5409112","-111.98511359999998","530"
"Sprouts Market","15110 N. Dale Mabry Hwy","Tampa, FL","33618","28.0863502","-82.50586379999999","531"
"Sprouts Market","8330 S. Tamiami Trail","Sarasota, FL","34238","27.2309379","-82.49580049999997","532"
"Sprouts Market","11205 Montgomery Blvd NE","Albuquerque, NM","87111","35.1307145","-106.51556570000002","533"
"Sprouts Market","6300 San Mateo Blvd NE","Albuquerque, NM","87109","35.1489611","-106.5847814","534"
"Sprouts Market","3201 Zafarano Dr #20","Santa Fe, NM","87507","35.645103","-106.01308260000002","535"
"Sprouts Market","800 NE Hwy 291","Lee's Summit, MO","64086","38.9263207","-94.36096629999997","536"
"Sprouts Market","555 W. Main St","Norman, OK","73069","35.218817","-97.45053899999999","537"
"Sprouts Market","10111 S. Memorial Dr","Tulsa, OK","74133","36.0161442","-95.8856955","538"
"Sprouts Market","4123 S. Harvard Ave","Tulsa, OK","74135","36.1031787","-95.93883289999997","539"
"Sprouts Market","12200 N. MacArthur Blvd","Oklahoma City, OK","73142","35.5933251","-97.61963249999997","540"
"Sprouts Market","1105 Garth Brooks Blvd","Yukon, OK","73099","35.4919115","-97.75849840000001","541"
"Sprouts Market","909 W. 6th Ave","Stillwater, OK","74074","36.1152585","-97.07029","542"
"Sprouts Market","6410 N. May Ave","Oklahoma City, OK","73116","35.5373529","-97.5647851","543"
"Sprouts Market","24 E. 2nd St","Edmond, OK","73034","35.6523423","-97.48048260000002","544"
"Sprouts Market","851 E. Hillside Dr","Tulsa, OK","4012","36.0670592","-95.78123260000001","545"
"Sprouts Market","9601 N. 133rd Ave East","Owasso, OK","74055","36.2944513","-95.82604659999998","546"
"Whole Wheatery","44264 10TH STREET WEST","Lancaster,CA","93534","34.6878391","-118.14713970000003","547"
"Berkeley Bowl","920 HEINZ AVE","Berkeley,CA","94703","37.8533335","-122.29023740000002","548"
"Berkeley Bowl","2020 OREGON STREET","Berkeley,CA","94703","37.8570385","-122.2672435","549"
"Gelson's","10250 SANTA MONICA BLVD","LOS ANGELES,CA","90067","34.0587567","-118.419015","550"
"Gelson's","13455 MAXELLA AVE","MARINA DEL RAY,CA","90292","33.9869416","-118.44184239999998","551"
"Gelson's","5521 ALTON PRKWY","IRVINE,CA","92618","33.6702916","-117.7867501","552"
"Oliver's Market","560 MONTECITO CENTER","Santa Rosa,CA","95409","38.4745326","-122.67347719999998","553"
"Oliver's Market","461 STONY POINT ROAD","Santa Rosa,CA","95401","38.4326292","-122.74377730000003","554"
"Oliver's Market","546 E COTATI AVE","Cotati,CA","94931","38.3279714","-122.69791800000002","555"
"Oliver's Market","9230 OLD REDWOOD HIGHWAY","Windsor,CA","95492","38.549177","-122.8112802","556"
"Mollie Stone's","1477 Chapin Ave","Burlingame,CA","94010","37.5771783","-122.35039219999999","557"
"Country Sun","440 S. CALIFORNIA AVENUE","Palo Alto,CA","94306","37.42616460000001","-122.14537760000002","558"
"LA SENDA NATUROPATHIC CLINIC","46 DUNDAS STREET EAST","NAPANEE,ON","K7R 1H8","44.2481392","-76.94862510000002","559"
"THE HEALTH SHOPPE  YONGE ST","1375 A YONGE ST.","TORONTO,ON","M4T 1Y4","43.6868145","-79.3932767","560"
"PURE NATURE","5841 MALDEN RD","LASALLE,ON","N9H 1S3","42.2486158","-83.06174850000002","561"
"NATURAL FOOD PANTRY-RIVERSIDE","2277 RIVERSIDE DRIVE","OTTAWA,ON","45.3855413","-75.67746249999999","562"
